title,location,link,company
Werkstudent*in Modulstrategie und technische Fahrzeugintegration,"Mercedes-Benz Plant Sindelfingen, Sindelfingen",https://jobs.mercedes-benz.com/enUS/werkstudentin-modulstrategie-und-technische-fahrzeugintegration-172429-MER0003OB5,Mercedes
Werkstudent*in MB.OS Developer Journey,"Sindelfingen, Schosshofstraße 3",https://jobs.mercedes-benz.com/enUS/werkstudentin-mbos-developer-journey-172397-MER0003O11,Mercedes
Werkstudent*in Prozesse & Projekte,"Berlin, Am Postbahnhof 16",https://jobs.mercedes-benz.com/enUS/werkstudentin-prozesse-and-projekte-172384-MER0003O7Y,Mercedes
Working student in MB.OS Customer Experience,"Mercedes-Benz Plant Sindelfingen, Sindelfingen",https://jobs.mercedes-benz.com/enUS/working-student-in-mbos-customer-experience-172507-MER0003OBP,Mercedes
Werkstudent*in Defect-Management Hybrid,"Mercedes-Benz Plant Sindelfingen, Sindelfingen",https://jobs.mercedes-benz.com/enUS/werkstudentin-defect-management-hybrid-172517-MER0003OEP,Mercedes
Werkstudent*in MB.OS Projektleitung Elektrik/Elektronik,"Mercedes-Benz Plant Sindelfingen, Sindelfingen",https://jobs.mercedes-benz.com/enUS/werkstudentin-mbos-projektleitung-elektrikelektronik-172544-MER0003ODI,Mercedes
Werkstudent*in GenAI-Training und Modell-Workflows,"Mercedes-Benz Plant Sindelfingen, Sindelfingen",https://jobs.mercedes-benz.com/enUS/werkstudentin-genai-training-und-modell-workflows-172539-MER0003O3R,Mercedes
Working student MB.OS Project Management Tool Solution,"Mercedes-Benz Plant Sindelfingen, Sindelfingen",https://jobs.mercedes-benz.com/enUS/working-student-mbos-project-management-tool-solution-172407-MER0003NC7,Mercedes
"Werkstudent*in Einkauf Dächer, Spiegel und Beleuchtung","Mercedes-Benz Plant Sindelfingen, Sindelfingen",https://jobs.mercedes-benz.com/enUS/werkstudentin-einkauf-dacher-spiegel-und-beleuchtung-172221-MER0003OHZ,Mercedes
Werkstudent*in Testbenchaufbau und -betrieb Fahrzeugzugangssysteme,"Mercedes-Benz Plant Sindelfingen, Sindelfingen",https://jobs.mercedes-benz.com/enUS/werkstudentin-testbenchaufbau-und-betrieb-fahrzeugzugangssysteme-172257-MER0003ODK,Mercedes
Werkstudent*in IT Technical Aftersales,"Mercedes-Benz Plant Sindelfingen, Sindelfingen",https://jobs.mercedes-benz.com/enUS/werkstudentin-it-technical-aftersales-172243-MER0003MRO,Mercedes
Working student Solution Train Engineers,"Mercedes-Benz Plant Sindelfingen, Sindelfingen",https://jobs.mercedes-benz.com/enUS/working-student-solution-train-engineers-172315-MER0003O9H,Mercedes
Werkstudent*in Digital Twin - Forschung & Entwicklung,"Mercedes-Benz Plant Sindelfingen, Sindelfingen",https://jobs.mercedes-benz.com/enUS/werkstudentin-digital-twin-forschung-and-entwicklung-172310-MER0003OIE,Mercedes
Werkstudent*in Customer Service Strategie Europa,"Mercedes-Benz Sales Germany, Berlin",https://jobs.mercedes-benz.com/enUS/werkstudentin-customer-service-strategie-europa-172337-MER0003NQH,Mercedes
Werkstudent*in MBUX Kommunikation und Communitymanagement,"Mercedes-Benz Plant Sindelfingen, Sindelfingen",https://jobs.mercedes-benz.com/enUS/werkstudentin-mbux-kommunikation-und-communitymanagement-172331-MER0003OBW,Mercedes
Werkstudent*in Technische Normung & Produktdatenmanagement,"Mercedes-Benz Plant Sindelfingen, Sindelfingen",https://jobs.mercedes-benz.com/enUS/werkstudentin-technische-normung-and-produktdatenmanagement-172342-MER0003OK5,Mercedes
Werkstudent*in Digitale e-Drive Systemabsicherung,"Mercedes-Benz Plant Sindelfingen, Sindelfingen",https://jobs.mercedes-benz.com/enUS/werkstudentin-digitale-e-drive-systemabsicherung-172210-MER0003OHO,Mercedes
Werkstudent*in IT-Projektsteuerung,"Mercedes-Benz Plant Sindelfingen, Sindelfingen",https://jobs.mercedes-benz.com/enUS/werkstudentin-it-projektsteuerung-172268-MER0003OGL,Mercedes
Werkstudent*in automatisiertes Fahren,"Mercedes-Benz Plant Sindelfingen, Sindelfingen",https://jobs.mercedes-benz.com/enUS/werkstudentin-automatisiertes-fahren-172028-MER0003O1T,Mercedes
Werkstudent*in Projektmanagement Zertifizierung,"Mercedes-Benz Plant Sindelfingen, Sindelfingen",https://jobs.mercedes-benz.com/enUS/werkstudentin-projektmanagement-zertifizierung-172131-MER0003OEJ,Mercedes
Werkstudent*in Lieferantenbewertung und -befähigung,"Mercedes-Benz Plant Sindelfingen, Sindelfingen",https://jobs.mercedes-benz.com/enUS/werkstudentin-lieferantenbewertung-und-befahigung-172163-MER0003OEB,Mercedes
Werkstudent*in Technische Information Entwicklung,"Mercedes-Benz Plant Sindelfingen, Sindelfingen",https://jobs.mercedes-benz.com/enUS/werkstudentin-technische-information-entwicklung-171872-MER0003OCR,Mercedes
Werkstudent*in Qualitätsmanagement Lieferantenqualität,"Mercedes-Benz Plant Düsseldorf, Düsseldorf",https://jobs.mercedes-benz.com/enUS/werkstudentin-qualitatsmanagement-lieferantenqualitat-171922-MER0003N6Y,Mercedes
Werkstudent*in Marketingkommunikation & Projektmanagement,"Mercedes-Benz Plant Sindelfingen, Sindelfingen",https://jobs.mercedes-benz.com/enUS/werkstudentin-marketingkommunikation-and-projektmanagement-171906-MER0003OAO,Mercedes
Werkstudent*in Antriebselektronik,"Mercedes-Benz Plant Sindelfingen, Sindelfingen",https://jobs.mercedes-benz.com/enUS/werkstudentin-antriebselektronik-171955-MER0003OCZ,Mercedes
Werkstudent*in MB.OS Infotainment MBUX,"Mercedes-Benz Plant Sindelfingen, Sindelfingen",https://jobs.mercedes-benz.com/enUS/werkstudentin-mbos-infotainment-mbux-166645-MER0003MEY,Mercedes
Werkstudent*in Systementwicklung Frunk,"Mercedes-Benz Plant Sindelfingen, Sindelfingen",https://jobs.mercedes-benz.com/enUS/werkstudentin-systementwicklung-frunk-171781-MER0003NQP,Mercedes
"Werkstudententätigkeit (20h/Woche)im Bereich Empfang/Kundenbetreuung in der Mercedes-Benz Niederlassung Berlin, Standort Spandau, ab sofort","Mercedes-Benz Own Retail Berlin, Berlin",https://jobs.mercedes-benz.com/enUS/werkstudententatigkeit-20hwocheim-bereich-empfangkundenbetreuung-in-der-mercedes-benz-niederlassung-berlin-standort-spandau-ab-sofort-171699-MER0003OCM,Mercedes
Werkstudent*in E/E-Systemintegration - Data Engineering und Analytics,"Mercedes-Benz Plant Sindelfingen, Sindelfingen",https://jobs.mercedes-benz.com/enUS/werkstudentin-ee-systemintegration-data-engineering-und-analytics-171791-MER0003O6O,Mercedes
Werkstudent*in Wallbox & Installation Services,"Mercedes-Benz Mobility AG, Stuttgart",https://jobs.mercedes-benz.com/enUS/werkstudentin-wallbox-and-installation-services-171708-MER0003OBC,Mercedes
Werkstudent*in Employer Branding auf Social Media,"Mercedes-Benz Sales Germany, Berlin",https://jobs.mercedes-benz.com/enUS/werkstudentin-employer-branding-auf-social-media-171608-MER0003O9C,Mercedes
Werkstudent*in Leitungssatzentwicklung,"Mercedes-Benz Plant Sindelfingen, Sindelfingen",https://jobs.mercedes-benz.com/enUS/werkstudentin-leitungssatzentwicklung-171534-MER0003O7X,Mercedes
Werkstudent (m/w/d) im Bereich Logistik gesucht!,"Mercedes-Benz Used Parts & Services GmbH, Neuhausen a. d. F",https://jobs.mercedes-benz.com/enUS/werkstudent-mwd-im-bereich-logistik-gesucht-112123-MBG0000011,Mercedes
Werkstudent*in IT,"Mercedes-Benz Plant Düsseldorf, Düsseldorf",https://jobs.mercedes-benz.com/enUS/werkstudentin-it-171348-MER0003NWC,Mercedes
Werkstudent*in Programmierung und Weiterentwicklung Web-Applikation,"Mercedes-Benz Plant Sindelfingen, Sindelfingen",https://jobs.mercedes-benz.com/enUS/werkstudentin-programmierung-und-weiterentwicklung-web-applikation-171403-MER0003O2H,Mercedes
"Werkstudent*in Digitalisierung, Vertragsmanagement und Prozesse Halbleiter","Mercedes-Benz Plant Sindelfingen, Sindelfingen",https://jobs.mercedes-benz.com/enUS/werkstudentin-digitalisierung-vertragsmanagement-und-prozesse-halbleiter-171388-MER0003NQE,Mercedes
Werkstudent*in Projektmanagement Qualität Technik,"Mercedes-Benz Plant Sindelfingen, Sindelfingen",https://jobs.mercedes-benz.com/enUS/werkstudentin-projektmanagement-qualitat-technik-171226-MER0003NZ9,Mercedes
Werkstudent*in Elektrik/Elektronik Systemintegration Automated Driving/Parking,"Mercedes-Benz Plant Sindelfingen, Sindelfingen",https://jobs.mercedes-benz.com/enUS/werkstudentin-elektrikelektronik-systemintegration-automated-drivingparking-171303-MER0003O4N,Mercedes
Werkstudent*in Standardisierung & Digitalisierung Intralogistik,"Mercedes-Benz Plant Sindelfingen, Sindelfingen",https://jobs.mercedes-benz.com/enUS/werkstudentin-standardisierung-and-digitalisierung-intralogistik-171121-MER0003O2G,Mercedes
Werkstudent*in Entwicklungsbereich RD Governance,"Mercedes-Benz Plant Sindelfingen, Sindelfingen",https://jobs.mercedes-benz.com/enUS/werkstudentin-entwicklungsbereich-rd-governance-171146-MER0003O2Z,Mercedes
Werkstudent*in Mercedes-Benz Kundencenter Shop,"Mercedes-Benz Plant Sindelfingen, Sindelfingen",https://jobs.mercedes-benz.com/enUS/werkstudentin-mercedes-benz-kundencenter-shop-171014-MER0003NZB,Mercedes
Werkstudent*in Shift-by-Wire,"Mercedes-Benz Plant Sindelfingen, Sindelfingen",https://jobs.mercedes-benz.com/enUS/werkstudentin-shift-by-wire-171096-MER0003MDM,Mercedes
"Werkstudent*in Entwicklung Sound Exterior, Sensors & Communication","Mercedes-Benz Plant Sindelfingen, Sindelfingen",https://jobs.mercedes-benz.com/enUS/werkstudentin-entwicklung-sound-exterior-sensors-and-communication-171068-MER0003O1R,Mercedes
Werkstudent*in Prozesse und Methoden Ladungsträgerplanung,"Mercedes-Benz Plant Sindelfingen, Sindelfingen",https://jobs.mercedes-benz.com/enUS/werkstudentin-prozesse-und-methoden-ladungstragerplanung-171032-MER0003NOA,Mercedes
Werkstudent*in Projektleitung Qualität,"Mercedes-Benz Plant Sindelfingen, Sindelfingen",https://jobs.mercedes-benz.com/enUS/werkstudentin-projektleitung-qualitat-170841-MER0003NUR,Mercedes
Working student Data Driven Sales Team,"Mercedes-Benz Mobility AG, Stuttgart",https://jobs.mercedes-benz.com/enUS/working-student-data-driven-sales-team-170878-MER0003NVN,Mercedes
Werkstudent*in IT Operations und Prozessmanagement,"Mercedes-Benz Plant Sindelfingen, Sindelfingen",https://jobs.mercedes-benz.com/enUS/werkstudentin-it-operations-und-prozessmanagement-170913-MER0003N9F,Mercedes
Werkstudent*in IT CoC Shopfloor & Vehicle Software,"Mercedes-Benz Plant Sindelfingen, Sindelfingen",https://jobs.mercedes-benz.com/enUS/werkstudentin-it-coc-shopfloor-and-vehicle-software-170896-MER0003NI4,Mercedes
Werkstudent*in Produkttraining und Events,"Mercedes-Benz Sales Germany, Berlin",https://jobs.mercedes-benz.com/enUS/werkstudentin-produkttraining-und-events-170889-MER0003NSA,Mercedes
Werkstudent*in Data Delivery Planung,"Mercedes-Benz Plant Sindelfingen, Sindelfingen",https://jobs.mercedes-benz.com/enUS/werkstudentin-data-delivery-planung-170858-MER0003NQ2,Mercedes
Werkstudent (m/w/d) im Bereich der Geschäftsleitung gesucht!,"Mercedes-Benz Used Parts & Services GmbH, Neuhausen a. d. F",https://jobs.mercedes-benz.com/enUS/werkstudent-mwd-im-bereich-der-geschaftsleitung-gesucht-115062-MBG0000014,Mercedes
"Werkstudent*in Technische Projektleitung ""Elektrisches Antriebssystem"" EQS-Modellpflege","Mercedes-Benz Plant Sindelfingen, Sindelfingen",https://jobs.mercedes-benz.com/enUS/werkstudentin-technische-projektleitung-elektrisches-antriebssystem-eqs-modellpflege-170757-MER0003NKZ,Mercedes
Working student in Legal Collection (IT /Legal) - French speaking,"Mercedes-Benz Bank Service Center GmbH, Berlin",https://jobs.mercedes-benz.com/enUS/working-student-in-legal-collection-it-legal-french-speaking-170741-MER0003NHJ,Mercedes
Werkstudent*in MB.OS Projektleitung Elektrik/Elektronik,"Mercedes-Benz Plant Sindelfingen, Sindelfingen",https://jobs.mercedes-benz.com/enUS/werkstudentin-mbos-projektleitung-elektrikelektronik-163365-MER0003LAX,Mercedes
Werkstudent*in Qualität und Reifegradmanagement,"Mercedes-Benz Plant Sindelfingen, Sindelfingen",https://jobs.mercedes-benz.com/enUS/werkstudentin-qualitat-und-reifegradmanagement-170697-MER0003NX3,Mercedes
Working Student Autonomous Driving Research,"Mercedes-Benz Plant Sindelfingen, Sindelfingen",https://jobs.mercedes-benz.com/enUS/working-student-autonomous-driving-research-170515-MER0003MRL,Mercedes
Working student MB.OS Chief Engineer Organization,"Mercedes-Benz Plant Sindelfingen, Sindelfingen",https://jobs.mercedes-benz.com/enUS/working-student-mbos-chief-engineer-organization-170503-MER0003MXD,Mercedes
Werkstudent*in Management Automated Driving,"Mercedes-Benz Plant Sindelfingen, Sindelfingen",https://jobs.mercedes-benz.com/enUS/werkstudentin-management-automated-driving-170403-MER0003NRR,Mercedes
Werkstudent*in Produktionsplanung zur Digitalisierung Geschäftsprozesse,"Mercedes-Benz Plant Sindelfingen, Sindelfingen",https://jobs.mercedes-benz.com/enUS/werkstudentin-produktionsplanung-zur-digitalisierung-geschaftsprozesse-170393-MER0003NQ7,Mercedes
Werkstudent*in Big Data & AI,"Mercedes-Benz Plant Sindelfingen, Sindelfingen",https://jobs.mercedes-benz.com/enUS/werkstudentin-big-data-and-ai-170534-MER0003NVQ,Mercedes
Werkstudent*in HV-Technologie & Kontaktierung,"Mercedes-Benz Plant Sindelfingen, Sindelfingen",https://jobs.mercedes-benz.com/enUS/werkstudentin-hv-technologie-and-kontaktierung-170330-MER0003NOQ,Mercedes
Werkstudent Infothek PKW Neuwagenverkauf (m/w/d) in der Mercedes-Benz Niederlassung Frankfurt,"Mercedes-Benz Own Retail Frankfurt am Main, Frankfurt am Main",https://jobs.mercedes-benz.com/enUS/werkstudent-infothek-pkw-neuwagenverkauf-mwd-in-der-mercedes-benz-niederlassung-frankfurt-170318-MER0003NMK,Mercedes
Werkstudent*in Zylinderentwicklung Ottomotoren,"Mercedes-Benz Plant Sindelfingen, Sindelfingen",https://jobs.mercedes-benz.com/enUS/werkstudentin-zylinderentwicklung-ottomotoren-170354-MER0003NSP,Mercedes
Werkstudent*in IT-Support und Automatisierung,"Mercedes-Benz Plant Sindelfingen, Sindelfingen",https://jobs.mercedes-benz.com/enUS/werkstudentin-it-support-und-automatisierung-170277-MER0003NRQ,Mercedes
Werkstudent*in Entwicklung Serie Compact Cars,"Mercedes-Benz Plant Sindelfingen, Sindelfingen",https://jobs.mercedes-benz.com/enUS/werkstudentin-entwicklung-serie-compact-cars-170179-MER0003NNS,Mercedes
Werkstudent*in IT für globale Logistik,"Mercedes-Benz Plant Sindelfingen, Sindelfingen",https://jobs.mercedes-benz.com/enUS/werkstudentin-it-fur-globale-logistik-170089-MER0003NQ9,Mercedes
Werkstudent*in Projektleitung Fahrzeugentwicklung GLE/GLS,"Mercedes-Benz Plant Sindelfingen, Sindelfingen",https://jobs.mercedes-benz.com/enUS/werkstudentin-projektleitung-fahrzeugentwicklung-glegls-170025-MER0003NO1,Mercedes
Werkstudent*in Sensorfreihaltung,"Mercedes-Benz Plant Sindelfingen, Sindelfingen",https://jobs.mercedes-benz.com/enUS/werkstudentin-sensorfreihaltung-170020-MER0003NQ5,Mercedes
Werkstudent*in Ultraschallentwicklung,"Mercedes-Benz Plant Sindelfingen, Sindelfingen",https://jobs.mercedes-benz.com/enUS/werkstudentin-ultraschallentwicklung-170043-MER0003NQJ,Mercedes
Werkstudent*in Lichtsysteme Entwicklung und Optimierung,"Mercedes-Benz Plant Sindelfingen, Sindelfingen",https://jobs.mercedes-benz.com/enUS/werkstudentin-lichtsysteme-entwicklung-und-optimierung-169867-MER0003NEZ,Mercedes
Werkstudent*in Finance und Controlling,"Mercedes-Benz Leasing Deutschland GmbH, Stuttgart",https://jobs.mercedes-benz.com/enUS/werkstudentin-finance-und-controlling-169740-MER0003NLY,Mercedes
Werkstudent*in Qualitäts- und Prozessmanagement,"Mercedes-Benz Plant Sindelfingen, Sindelfingen",https://jobs.mercedes-benz.com/enUS/werkstudentin-qualitats-und-prozessmanagement-169737-MER0003NKD,Mercedes
Werkstudent*in Gesamtfahrzeugversuch EE-Integration BEV,"Mercedes-Benz Plant Sindelfingen, Sindelfingen",https://jobs.mercedes-benz.com/enUS/werkstudentin-gesamtfahrzeugversuch-ee-integration-bev-169671-MER0003MY7,Mercedes
Werkstudent*in Aktionsmanagement,"Mercedes-Benz Plant Sindelfingen, Sindelfingen",https://jobs.mercedes-benz.com/enUS/werkstudentin-aktionsmanagement-169714-MER0003NHQ,Mercedes
Werkstudent*in Thermischer Komfort und Luftqualität,"Mercedes-Benz Plant Sindelfingen, Sindelfingen",https://jobs.mercedes-benz.com/enUS/werkstudentin-thermischer-komfort-und-luftqualitat-164847-MER0003LRS,Mercedes
Werkstudent*in Content Creator Qualität,"Mercedes-Benz Plant Sindelfingen, Sindelfingen",https://jobs.mercedes-benz.com/enUS/werkstudentin-content-creator-qualitat-169425-MER0003N62,Mercedes
Werkstudent*in Technische Produktregulierung,"Mercedes-Benz Plant Sindelfingen, Sindelfingen",https://jobs.mercedes-benz.com/enUS/werkstudentin-technische-produktregulierung-168972-MER0003NC5,Mercedes
