title,meta,link,company
(Junior) Business Consultant Filialwarenwirtschaftssysteme (m/w/d),Berufserfahrene | Weinsberg,https://it.schwarz/jobsearch/junior-business-consultant-filialwarenwirtschaftssysteme-m-w-d-45817,Schwarz Digits
(Junior) Business Consultant Filialwarenwirtschaftssysteme (m/w/d),Berufserfahrene | Weinsberg,https://it.schwarz/jobsearch/junior-business-consultant-filialwarenwirtschaftssysteme-m-w-d-46152,Schwarz Digits
(Junior) Customer Account - Identity Access Management (m/w/d),Berufserfahrene | Weinsberg,https://it.schwarz/jobsearch/junior-customer-account-identity-access-management-m-w-d-46446,Schwarz Digits
(Junior) IT Anwendungsbetreuer IoT (m/w/d),Berufserfahrene | Neckarsulm,https://it.schwarz/jobsearch/junior-it-anwendungsbetreuer-iot-m-w-d-45745,Schwarz Digits
(Junior) IT Business Consultant - Finance & Administration (m/w/d),Berufserfahrene | Heilbronn,https://it.schwarz/jobsearch/junior-it-business-consultant-finance-administration-m-w-d-45833,Schwarz Digits
(Junior) IT Business Consultant Bau-Systeme (m/w/d),Berufseinsteiger | Weinsberg,https://it.schwarz/jobsearch/junior-it-business-consultant-bau-systeme-m-w-d-45934,Schwarz Digits
(Junior) IT Business Consultant CRM Marketing / Microsoft Dynamics (m/w/d),Berufserfahrene | Weinsberg,https://it.schwarz/jobsearch/junior-it-business-consultant-crm-marketing-microsoft-dynamics-m-w-d-45789,Schwarz Digits
(Junior) IT Business Consultant Reporting (m/w/d),Berufserfahrene | Heilbronn,https://it.schwarz/jobsearch/junior-it-business-consultant-reporting-m-w-d-45893,Schwarz Digits
(Junior) IT Business Consultant Transportmanagement (Inbound) (m/w/d),Berufserfahrene | Heilbronn,https://it.schwarz/jobsearch/junior-it-business-consultant-transportmanagement-inbound-m-w-d-43986,Schwarz Digits
(Junior) IT Business Engineer GIS (m/w/d),Berufserfahrene | Weinsberg,https://it.schwarz/jobsearch/junior-it-business-engineer-gis-m-w-d-45553,Schwarz Digits
(Junior) IT Consultant Digital Signage DOOH (m/w/d),Berufserfahrene | Weinsberg,https://it.schwarz/jobsearch/junior-it-consultant-digital-signage-dooh-m-w-d-45306,Schwarz Digits
(Junior) IT Spezialist Mobile Device Management - Apple / Android (w/m/d),Berufserfahrene | Weinsberg,https://it.schwarz/jobsearch/junior-it-spezialist-mobile-device-management-apple-android-w-m-d-45108,Schwarz Digits
(Junior) IT-Berater für KI-gestützte Computer Vision Lösungen für Lidl und Kaufland Filialen (m/w/d),Berufserfahrene | Weinsberg,https://it.schwarz/jobsearch/junior-it-berater-fuer-ki-gestuetzte-computer-vision-loesungen-fuer-lidl-und-kaufland-filialen-m-w-d-44074,Schwarz Digits
(Junior) IT-Portfolio Consultant (m/w/d),Berufseinsteiger | Heilbronn,https://it.schwarz/jobsearch/junior-it-portfolio-consultant-m-w-d-45816,Schwarz Digits
(Junior) IT-Spezialist Service und Support (m/w/d),Berufserfahrene | Neckarsulm,https://it.schwarz/jobsearch/junior-it-spezialist-service-und-support-m-w-d-38840,Schwarz Digits
(Junior) Legal Engineer (m/w/d),Berufserfahrene | Heilbronn,https://it.schwarz/jobsearch/junior-legal-engineer-m-w-d-46361,Schwarz Digits
(Junior) Professional - SAP HCM Time Management (m/w/d),Berufserfahrene | Heilbronn,https://it.schwarz/jobsearch/junior-professional-sap-hcm-time-management-m-w-d-45579,Schwarz Digits
(Junior) Professional IT Controlling (m/w/d),Berufserfahrene | Heilbronn,https://it.schwarz/jobsearch/junior-professional-it-controlling-m-w-d-45814,Schwarz Digits
(Junior) SAP HCM Payroll Berater (m/w/d),Berufserfahrene | Heilbronn,https://it.schwarz/jobsearch/junior-sap-hcm-payroll-berater-m-w-d-44902,Schwarz Digits
(Junior) Software Engineer - Fullstack (GO/Vue.js) - Digital Foundation (m/w/d),Berufserfahrene | Weinsberg,https://it.schwarz/jobsearch/junior-software-engineer-fullstack-go-vue-js-digital-foundation-m-w-d-46133,Schwarz Digits
(Junior-) AI Product Owner - Pricing (m/w/d),Berufserfahrene | Heilbronn,https://it.schwarz/jobsearch/junior-ai-product-owner-pricing-m-w-d-45054,Schwarz Digits
(Junior-) Consultant SAP Administration in Cyber Security Architecture (m/w/d),Berufserfahrene | Neckarsulm,https://it.schwarz/jobsearch/junior-consultant-sap-administration-in-cyber-security-architecture-m-w-d-44680,Schwarz Digits
(Junior-) Professional SAP BW Berechtigungs Consultant (m/w/d),Berufseinsteiger | Neckarsulm,https://it.schwarz/jobsearch/junior-professional-sap-bw-berechtigungs-consultant-m-w-d-45742,Schwarz Digits
(Junior-) SAP Security Koordinator (m/w/d),Berufserfahrene | Neckarsulm,https://it.schwarz/jobsearch/junior-sap-security-koordinator-m-w-d-43055,Schwarz Digits
(Senior) Consultant AI & Data Academy (m/w/d),Berufserfahrene | Heilbronn,https://it.schwarz/jobsearch/senior-consultant-ai-data-academy-m-w-d-44611,Schwarz Digits
(Senior) IT Consultant SAP MM (m/w/d),Berufserfahrene | Weinsberg,https://it.schwarz/jobsearch/senior-it-consultant-sap-mm-m-w-d-45230,Schwarz Digits
(Senior) IT Consultant SAP MM (m/w/d),Berufserfahrene | Minden,https://it.schwarz/jobsearch/senior-it-consultant-sap-mm-m-w-d-44234,Schwarz Digits
(Senior) Platform Operator ServiceNow (m/w/d),Berufserfahrene | Neckarsulm,https://it.schwarz/jobsearch/senior-platform-operator-servicenow-m-w-d-44462,Schwarz Digits
(Senior) Professional Cyber Security Reporting & Analytics (m/w/d),Berufserfahrene | Neckarsulm,https://it.schwarz/jobsearch/senior-professional-cyber-security-reporting-analytics-m-w-d-45468,Schwarz Digits
(Senior) Professional Cyber Security Reporting & Analytics (m/w/d),Berufserfahrene | Berlin,https://it.schwarz/jobsearch/senior-professional-cyber-security-reporting-analytics-m-w-d-45507,Schwarz Digits
(Senior) Software Engineer - Fullstack (m/w/d),Berufserfahrene | Weinsberg,https://it.schwarz/jobsearch/senior-software-engineer-fullstack-m-w-d-45809,Schwarz Digits
(Senior-) Data & AI Cloud Platform Engineer (m/w/d),Berufserfahrene | Heilbronn,https://it.schwarz/jobsearch/senior-data-ai-cloud-platform-engineer-m-w-d-43247,Schwarz Digits
(Senior-) Financial IT-Audit Advisor (m/w/d),Berufserfahrene | Neckarsulm,https://it.schwarz/jobsearch/senior-financial-it-audit-advisor-m-w-d-44906,Schwarz Digits
(Senior-) Financial IT-Audit Advisor (m/w/d),Berufserfahrene | Berlin,https://it.schwarz/jobsearch/senior-financial-it-audit-advisor-m-w-d-44907,Schwarz Digits
(Senior-) Professional Cyber Security Risk Management (m/w/d),Berufserfahrene | Neckarsulm,https://it.schwarz/jobsearch/senior-professional-cyber-security-risk-management-m-w-d-45467,Schwarz Digits
Abiturientenprogramm IT: Fachinformatiker Anwendungsentwicklung + Bachelor Professional IT (m/w/d),Abiprogramm | Neckarsulm,https://it.schwarz/jobsearch/abiturientenprogramm-it-fachinformatiker-anwendungsentwicklung-bachelor-professional-it-m-w-d-46049,Schwarz Digits
Abiturientenprogramm IT: Fachinformatiker Systemintegration + Bachelor Professional IT (m/w/d),Abiprogramm | Neckarsulm,https://it.schwarz/jobsearch/abiturientenprogramm-it-fachinformatiker-systemintegration-bachelor-professional-it-m-w-d-46046,Schwarz Digits
Abiturientenprogramm IT: Fachinformatiker digitale Vernetzung + Bachelor Professional IT (m/w/d),Abiprogramm | Neckarsulm,https://it.schwarz/jobsearch/abiturientenprogramm-it-fachinformatiker-digitale-vernetzung-bachelor-professional-it-m-w-d-46050,Schwarz Digits
Abiturientenprogramm IT: Fachinformatiker für Anwendungsentwicklung 2025 (m/w/d),Abiprogramm | Neckarsulm,https://it.schwarz/jobsearch/abiturientenprogramm-it-fachinformatiker-fuer-anwendungsentwicklung-2025-m-w-d-42215,Schwarz Digits
Abiturientenprogramm IT: Fachinformatiker für Systemintegration 2025 (m/w/d),Abiprogramm | Neckarsulm,https://it.schwarz/jobsearch/abiturientenprogramm-it-fachinformatiker-fuer-systemintegration-2025-m-w-d-42214,Schwarz Digits
Abteilungsleiter IT Business Consulting - Governance (m/w/d),Führungskraft | Heilbronn,https://it.schwarz/jobsearch/abteilungsleiter-it-business-consulting-governance-m-w-d-45920,Schwarz Digits
Android Fullstack Engineer (m/w/d),Berufserfahrene | Weinsberg,https://it.schwarz/jobsearch/android-fullstack-engineer-m-w-d-44434,Schwarz Digits
Application & System Manager Linux (m/w/d),Berufserfahrene | Neckarsulm,https://it.schwarz/jobsearch/application-system-manager-linux-m-w-d-45290,Schwarz Digits
Application & System Manager Linux (m/w/d),Berufserfahrene | Berlin,https://it.schwarz/jobsearch/application-system-manager-linux-m-w-d-44722,Schwarz Digits
Ausbildung zum Fachinformatiker für Anwendungsentwicklung 2025 (m/w/d),Ausbildung | Neckarsulm,https://it.schwarz/jobsearch/ausbildung-zum-fachinformatiker-fuer-anwendungsentwicklung-2025-m-w-d-42210,Schwarz Digits
Ausbildung zum Fachinformatiker für Anwendungsentwicklung 2026 (m/w/d),Ausbildung | Neckarsulm,https://it.schwarz/jobsearch/ausbildung-zum-fachinformatiker-fuer-anwendungsentwicklung-2026-m-w-d-46039,Schwarz Digits
Ausbildung zum Fachinformatiker für Digitale Vernetzung 2025 (m/w/d),Ausbildung | Neckarsulm,https://it.schwarz/jobsearch/ausbildung-zum-fachinformatiker-fuer-digitale-vernetzung-2025-m-w-d-42211,Schwarz Digits
Ausbildung zum Fachinformatiker für Digitale Vernetzung 2026 (m/w/d),Ausbildung | Neckarsulm,https://it.schwarz/jobsearch/ausbildung-zum-fachinformatiker-fuer-digitale-vernetzung-2026-m-w-d-46043,Schwarz Digits
Ausbildung zum Fachinformatiker für Systemintegration 2026 (m/w/d),Ausbildung | Neckarsulm,https://it.schwarz/jobsearch/ausbildung-zum-fachinformatiker-fuer-systemintegration-2026-m-w-d-46037,Schwarz Digits
Ausbildung zum IT-Systemelektroniker 2025 (m/w/d),Ausbildung | Neckarsulm,https://it.schwarz/jobsearch/ausbildung-zum-it-systemelektroniker-2025-m-w-d-42207,Schwarz Digits
Ausbildung zum Kaufmann für Digitalisierungsmanagement 2025 (m/w/d),Ausbildung | Neckarsulm,https://it.schwarz/jobsearch/ausbildung-zum-kaufmann-fuer-digitalisierungsmanagement-2025-m-w-d-42208,Schwarz Digits
Automation Engineer ServiceNow (m/w/d),Berufserfahrene | Neckarsulm,https://it.schwarz/jobsearch/automation-engineer-servicenow-m-w-d-46117,Schwarz Digits
BI Platform (Junior-) Engineer (SAP BW/4HANA) (m/w/d),Berufserfahrene | Heilbronn,https://it.schwarz/jobsearch/bi-platform-junior-engineer-sap-bw-4hana-m-w-d-44885,Schwarz Digits
Business Analyst IT Financial Management Tools (w/m/d),Berufserfahrene | Neckarsulm,https://it.schwarz/jobsearch/business-analyst-it-financial-management-tools-w-m-d-46109,Schwarz Digits
Business Analyst für Data Foundation / Configuration Management (m/w/d),Berufserfahrene | Neckarsulm,https://it.schwarz/jobsearch/business-analyst-fuer-data-foundation-configuration-management-m-w-d-44280,Schwarz Digits
Business Consultant & Innovation Manager Payment (m/w/d),Berufserfahrene | Heilbronn,https://it.schwarz/jobsearch/business-consultant-innovation-manager-payment-m-w-d-45503,Schwarz Digits
Business Consultant Process Mining (m/w/d),Berufserfahrene | Heilbronn,https://it.schwarz/jobsearch/business-consultant-process-mining-m-w-d-44724,Schwarz Digits
Chat- und Voicebot Engineer (m/w/d),Berufserfahrene | Neckarsulm,https://it.schwarz/jobsearch/chat-und-voicebot-engineer-m-w-d-45342,Schwarz Digits
Cloud Engineer (m/w/d),Berufserfahrene | Heilbronn,https://it.schwarz/jobsearch/cloud-engineer-m-w-d-46107,Schwarz Digits
Cloud Engineer - Plattform Architektur und Development (m/w/d),Berufserfahrene | Weinsberg,https://it.schwarz/jobsearch/cloud-engineer-plattform-architektur-und-development-m-w-d-45300,Schwarz Digits
Cloud Engineer - Plattform Architektur und Development (m/w/d),Berufserfahrene | Berlin,https://it.schwarz/jobsearch/cloud-engineer-plattform-architektur-und-development-m-w-d-45496,Schwarz Digits
Consultant - Test Automation TOSCA (m/w/d),Berufserfahrene | Neckarsulm,https://it.schwarz/jobsearch/consultant-test-automation-tosca-m-w-d-46225,Schwarz Digits
Consultant Business Intelligence (m/w/d),Berufserfahrene | Heilbronn,https://it.schwarz/jobsearch/consultant-business-intelligence-m-w-d-45282,Schwarz Digits
Consultant ITSCM / IT-Notfallmanagement (m/w/d),Berufserfahrene | Neckarsulm,https://it.schwarz/jobsearch/consultant-itscm-it-notfallmanagement-m-w-d-41117,Schwarz Digits
Consultant ITSCM / IT-Notfallmanagement (m/w/d),Berufserfahrene | Berlin,https://it.schwarz/jobsearch/consultant-itscm-it-notfallmanagement-m-w-d-42085,Schwarz Digits
Consultant SAP Application Management (m/w/d),Berufserfahrene | Heilbronn,https://it.schwarz/jobsearch/consultant-sap-application-management-m-w-d-46355,Schwarz Digits
Cyber Security Analyst (m/w/d),Berufserfahrene | Neckarsulm,https://it.schwarz/jobsearch/cyber-security-analyst-m-w-d-44307,Schwarz Digits
Cyber Security Architect - SAP GRC Access Control (m/w/d),Berufserfahrene | Neckarsulm,https://it.schwarz/jobsearch/cyber-security-architect-sap-grc-access-control-m-w-d-45396,Schwarz Digits
Data Architect - Strategy Consultant (m/w/d),Berufserfahrene | Heilbronn,https://it.schwarz/jobsearch/data-architect-strategy-consultant-m-w-d-43559,Schwarz Digits
Detection Engineer (m/w/d),Berufserfahrene | Berlin,https://it.schwarz/jobsearch/detection-engineer-m-w-d-45912,Schwarz Digits
Detection Engineer (m/w/d),Berufserfahrene | Neckarsulm,https://it.schwarz/jobsearch/detection-engineer-m-w-d-38995,Schwarz Digits
DevOps - Network Security (m/wd),Berufserfahrene | Weinsberg,https://it.schwarz/jobsearch/devops-network-security-m-wd-45155,Schwarz Digits
Digitalisierung im Marketing (International) - IT Consultant mit Schwerpunkt KI / AI (m/w/d),Berufserfahrene | Neckarsulm,https://it.schwarz/jobsearch/digitalisierung-im-marketing-international-it-consultant-mit-schwerpunkt-ki-ai-m-w-d-46073,Schwarz Digits
Duales Studium Angewandte Informatik 2025 (m/w/d),Duales Studium | Neckarsulm,https://it.schwarz/jobsearch/duales-studium-angewandte-informatik-2025-m-w-d-42217,Schwarz Digits
Duales Studium Angewandte Informatik 2026 (m/w/d),Duales Studium | Neckarsulm,https://it.schwarz/jobsearch/duales-studium-angewandte-informatik-2026-m-w-d-46054,Schwarz Digits
Duales Studium Data Science und Künstliche Intelligenz 2026 (m/w/d),Duales Studium | Neckarsulm,https://it.schwarz/jobsearch/duales-studium-data-science-und-kuenstliche-intelligenz-2026-m-w-d-46062,Schwarz Digits
Duales Studium Informatik - Cyber Security 2026 (m/w/d),Duales Studium | Neckarsulm,https://it.schwarz/jobsearch/duales-studium-informatik-cyber-security-2026-m-w-d-46055,Schwarz Digits
Duales Studium Informationstechnik 2026 (m/w/d),Duales Studium | Neckarsulm,https://it.schwarz/jobsearch/duales-studium-informationstechnik-2026-m-w-d-46086,Schwarz Digits
Duales Studium Int. Management for Business and Information Technology (IMBIT) 2025 (m/w/d),Duales Studium | Neckarsulm,https://it.schwarz/jobsearch/duales-studium-int-management-for-business-and-information-technology-imbit-2025-m-w-d-42220,Schwarz Digits
Duales Studium Int. Management for Business and Information Technology (IMBIT) 2026 (m/w/d),Duales Studium | Neckarsulm,https://it.schwarz/jobsearch/duales-studium-int-management-for-business-and-information-technology-imbit-2026-m-w-d-46060,Schwarz Digits
Duales Studium Wirtschaftsinformatik 2025 Neckarsulm (m/w/d),Duales Studium | Neckarsulm,https://it.schwarz/jobsearch/duales-studium-wirtschaftsinformatik-2025-neckarsulm-m-w-d-42221,Schwarz Digits
Duales Studium Wirtschaftsinformatik 2026 Neckarsulm (m/w/d),Duales Studium | Neckarsulm,https://it.schwarz/jobsearch/duales-studium-wirtschaftsinformatik-2026-neckarsulm-m-w-d-46061,Schwarz Digits
"Engineering Lead - Fullstack (go, vue) (m/w/d)",Berufserfahrene | Heilbronn,https://it.schwarz/jobsearch/engineering-lead-fullstack-go-vue-m-w-d-44002,Schwarz Digits
Entwickler Microsoft Dynamics 365 Business Central ERP (m/w/d),Berufserfahrene | Weinsberg,https://it.schwarz/jobsearch/entwickler-microsoft-dynamics-365-business-central-erp-m-w-d-45533,Schwarz Digits
Event Manager für Veranstaltungstechnik (m/w/d),Berufserfahrene | Neckarsulm,https://it.schwarz/jobsearch/event-manager-fuer-veranstaltungstechnik-m-w-d-45461,Schwarz Digits
Fachkraft für Veranstaltungstechnik (m/w/d),Berufserfahrene | Neckarsulm,https://it.schwarz/jobsearch/fachkraft-fuer-veranstaltungstechnik-m-w-d-43435,Schwarz Digits
Fullstack Engineer - GO / VUE Purchasing Applications (m/w/d),Berufserfahrene | Weinsberg,https://it.schwarz/jobsearch/fullstack-engineer-go-vue-purchasing-applications-m-w-d-44040,Schwarz Digits
Fullstack Engineer - Java / Kotlin - Self-Scanning (m/w/d),Berufserfahrene | Neckarsulm,https://it.schwarz/jobsearch/fullstack-engineer-java-kotlin-self-scanning-m-w-d-45713,Schwarz Digits
Fullstack Engineer - Kotlin / Vue.js Core Services (m/w/d),Berufserfahrene | Heilbronn,https://it.schwarz/jobsearch/fullstack-engineer-kotlin-vue-js-core-services-m-w-d-46145,Schwarz Digits
Fullstack Software Engineer (Vue.js/Node.js) - Cloud Native (m/w/d),Berufserfahrene | Weinsberg,https://it.schwarz/jobsearch/fullstack-software-engineer-vue-js-node-js-cloud-native-m-w-d-42738,Schwarz Digits
Fullstack Software Engineer - Fokus Frontend (Vue.js) (m/w/d),Berufserfahrene | Neckarsulm,https://it.schwarz/jobsearch/fullstack-software-engineer-fokus-frontend-vue-js-m-w-d-45275,Schwarz Digits
Google Workspace Trainer (m/w/d),Berufserfahrene | Heilbronn,https://it.schwarz/jobsearch/google-workspace-trainer-m-w-d-46036,Schwarz Digits
IT (Junior) HR Consultant (m/w/d),Berufserfahrene | Heilbronn,https://it.schwarz/jobsearch/it-junior-hr-consultant-m-w-d-45485,Schwarz Digits
IT Business Consultant - Bereich Risikomanagement und BCM (m/w/d),Berufserfahrene | Heilbronn,https://it.schwarz/jobsearch/it-business-consultant-bereich-risikomanagement-und-bcm-m-w-d-45685,Schwarz Digits
IT Business Consultant Revision (m/w/d),Berufserfahrene | Heilbronn,https://it.schwarz/jobsearch/it-business-consultant-revision-m-w-d-45736,Schwarz Digits
IT Business Consultant SAP SD (m/w/d),Berufserfahrene | Heilbronn,https://it.schwarz/jobsearch/it-business-consultant-sap-sd-m-w-d-45116,Schwarz Digits
IT Business Consultant SAP SuccessFactors - Talentmanagement (m/w/d),Berufserfahrene | Heilbronn,https://it.schwarz/jobsearch/it-business-consultant-sap-successfactors-talentmanagement-m-w-d-46097,Schwarz Digits
IT Business Engineer Filialsysteme (m/w/d),Berufserfahrene | Weinsberg,https://it.schwarz/jobsearch/it-business-engineer-filialsysteme-m-w-d-45138,Schwarz Digits
IT Consultant - Accounting & Controlling (m/w/d),Berufserfahrene | Heilbronn,https://it.schwarz/jobsearch/it-consultant-accounting-controlling-m-w-d-44463,Schwarz Digits
IT Consultant - CRM Loyalty Backend (m/w/d),Berufserfahrene | Weinsberg,https://it.schwarz/jobsearch/it-consultant-crm-loyalty-backend-m-w-d-46003,Schwarz Digits
IT Consultant - ServiceNow (m/w/d),Berufserfahrene | Heilbronn,https://it.schwarz/jobsearch/it-consultant-servicenow-m-w-d-45382,Schwarz Digits
IT Consultant Qualitätssicherung und/oder CSR für Lidl/Kaufland (m/w/d),Berufseinsteiger | Neckarsulm,https://it.schwarz/jobsearch/it-consultant-qualitaetssicherung-und-oder-csr-fuer-lidl-kaufland-m-w-d-41456,Schwarz Digits
IT Consultant SAP SD (m/w/d),Berufserfahrene | Weinsberg,https://it.schwarz/jobsearch/it-consultant-sap-sd-m-w-d-45493,Schwarz Digits
IT Consultant Zutrittssysteme / Zutritt (m/w/d),Berufserfahrene | Weinsberg,https://it.schwarz/jobsearch/it-consultant-zutrittssysteme-zutritt-m-w-d-45701,Schwarz Digits
IT Consultant internationale Digitalisierungsprojekte - Schwerpunkt Marketing KI / AI (m/w/d),Berufserfahrene | Neckarsulm,https://it.schwarz/jobsearch/it-consultant-internationale-digitalisierungsprojekte-schwerpunkt-marketing-ki-ai-m-w-d-44614,Schwarz Digits
IT Network Engineer - Campus- und Cloud-Netzwerkumgebungen (m/w/d),Berufserfahrene | Weinsberg,https://it.schwarz/jobsearch/it-network-engineer-campus-und-cloud-netzwerkumgebungen-m-w-d-43527,Schwarz Digits
IT Professional Business Consulting Rechnungsbearbeitung SAP MM (m/w/d),Berufserfahrene | Heilbronn,https://it.schwarz/jobsearch/it-professional-business-consulting-rechnungsbearbeitung-sap-mm-m-w-d-45686,Schwarz Digits
IT Projektleiter / Bauherrenvertretung - Glasfaser - Tiefbau (m/w/d),Berufserfahrene | Neckarsulm,https://it.schwarz/jobsearch/it-projektleiter-bauherrenvertretung-glasfaser-tiefbau-m-w-d-43825,Schwarz Digits
IT Projektleiter QS & Testmanagement (m/w/d),Berufserfahrene | Neckarsulm,https://it.schwarz/jobsearch/it-projektleiter-qs-testmanagement-m-w-d-45452,Schwarz Digits
IT Spezialist Operational Technology (m/w/d),Berufserfahrene | Neckarsulm,https://it.schwarz/jobsearch/it-spezialist-operational-technology-m-w-d-42506,Schwarz Digits
IT Spezialist international - Digitale Preisschilder (m/w/d),Berufserfahrene | Neckarsulm,https://it.schwarz/jobsearch/it-spezialist-international-digitale-preisschilder-m-w-d-46004,Schwarz Digits
IT-Projektkoordinator - IT-Infrastruktur Umfeld (m/w/d),Berufserfahrene | Weinsberg,https://it.schwarz/jobsearch/it-projektkoordinator-it-infrastruktur-umfeld-m-w-d-42194,Schwarz Digits
Incident/ Problem Manager International (m/w/d),Berufserfahrene | Neckarsulm,https://it.schwarz/jobsearch/incident-problem-manager-international-m-w-d-45749,Schwarz Digits
Information Security Awareness Manager (m/w/d),Berufserfahrene | Neckarsulm,https://it.schwarz/jobsearch/information-security-awareness-manager-m-w-d-44288,Schwarz Digits
Initiativbewerbung Schwarz IT,Berufserfahrene | Neckarsulm,https://it.schwarz/jobsearch/initiativbewerbung-schwarz-it-43639,Schwarz Digits
Java Backend Developer - CMS-System (m/w/d),Berufserfahrene | Neckarsulm,https://it.schwarz/jobsearch/java-backend-developer-cms-system-m-w-d-44204,Schwarz Digits
Junior IT Business Consultant / Berater - SAP HCM Zeitwirtschaft (m/w/d),Berufserfahrene | Heilbronn,https://it.schwarz/jobsearch/junior-it-business-consultant-berater-sap-hcm-zeitwirtschaft-m-w-d-45422,Schwarz Digits
Linux Client Spezialist (m/w/d),Berufserfahrene | Neckarsulm,https://it.schwarz/jobsearch/linux-client-spezialist-m-w-d-45810,Schwarz Digits
Meister für Veranstaltungstechnik (m/w/d),Berufserfahrene | Neckarsulm,https://it.schwarz/jobsearch/meister-fuer-veranstaltungstechnik-m-w-d-43436,Schwarz Digits
"Microsoft Developer (.NET, Azure, Dynamics 365) (m/w/d)",Berufserfahrene | Weinsberg,https://it.schwarz/jobsearch/microsoft-developer-net-azure-dynamics-365-m-w-d-45195,Schwarz Digits
Mobile App Engineer (Android) (m/w/d),Berufserfahrene | Berlin,https://it.schwarz/jobsearch/mobile-app-engineer-android-m-w-d-45368,Schwarz Digits
Praktikant IT Consulting Customer Data / CRM (m/w/d) 1,Praktikum / Werkstudententätigkeit | Weinsberg,https://it.schwarz/jobsearch/praktikant-it-consulting-customer-data-crm-m-w-d-1-44452,Schwarz Digits
Praktikum Prozessmanagement SAP IAM (m/w/d),Praktikum / Werkstudententätigkeit | Neckarsulm,https://it.schwarz/jobsearch/praktikum-prozessmanagement-sap-iam-m-w-d-45948,Schwarz Digits
Praktikum Softwareentwicklung Computer Vision (m/w/d),Praktikum / Werkstudententätigkeit | Heilbronn,https://it.schwarz/jobsearch/praktikum-softwareentwicklung-computer-vision-m-w-d-44185,Schwarz Digits
"Quereinstieg im IT Service & Support „Im Job zum Abschluss""",Berufseinsteiger | Neckarsulm,https://it.schwarz/jobsearch/quereinstieg-im-it-service-support-im-job-zum-abschluss-45075,Schwarz Digits
SAP ABAP Developer (m/w/d),Berufserfahrene | Weinsberg,https://it.schwarz/jobsearch/sap-abap-developer-m-w-d-44404,Schwarz Digits
SAP ABAP Developer - EWM (m/w/d),Berufserfahrene | Weinsberg,https://it.schwarz/jobsearch/sap-abap-developer-ewm-m-w-d-43314,Schwarz Digits
SAP ABAP Developer - Facility Management (m/w/d),Berufserfahrene | Weinsberg,https://it.schwarz/jobsearch/sap-abap-developer-facility-management-m-w-d-44070,Schwarz Digits
SAP ABAP Developer - Logistik (m/w/d),Berufserfahrene | Weinsberg,https://it.schwarz/jobsearch/sap-abap-developer-logistik-m-w-d-45287,Schwarz Digits
SAP ALM Spezialist (m/w/d) - Schwerpunkt Focused Run und Cloud ALM,Berufserfahrene | Weinsberg,https://it.schwarz/jobsearch/sap-alm-spezialist-m-w-d-schwerpunkt-focused-run-und-cloud-alm-45728,Schwarz Digits
SAP Business Consultant Einkauf - Masterdata & Interfaces Retail (m/w/d),Berufseinsteiger | Weinsberg,https://it.schwarz/jobsearch/sap-business-consultant-einkauf-masterdata-interfaces-retail-m-w-d-44402,Schwarz Digits
SAP Consultant Groß- und Außenhandelssysteme Schwerpunkt Beschaffungsprozesse (m/w/d),Berufserfahrene | Neckarsulm,https://it.schwarz/jobsearch/sap-consultant-gross-und-aussenhandelssysteme-schwerpunkt-beschaffungsprozesse-m-w-d-45890,Schwarz Digits
SAP Consultant Groß- und Außenhandelssysteme Schwerpunkt Vertriebsprozesse (m/w/d),Berufserfahrene | Neckarsulm,https://it.schwarz/jobsearch/sap-consultant-gross-und-aussenhandelssysteme-schwerpunkt-vertriebsprozesse-m-w-d-45886,Schwarz Digits
SAP GTS Consultant Groß- und Außenhandelssysteme Schwerpunkt Außenhandel (m/w/d),Berufserfahrene | Neckarsulm,https://it.schwarz/jobsearch/sap-gts-consultant-gross-und-aussenhandelssysteme-schwerpunkt-aussenhandel-m-w-d-45888,Schwarz Digits
SAP Release- und Deployment Manager (m/w/d),Berufserfahrene | Neckarsulm,https://it.schwarz/jobsearch/sap-release-und-deployment-manager-m-w-d-45402,Schwarz Digits
SOAR Engineer (m/w/d),Berufserfahrene | Neckarsulm,https://it.schwarz/jobsearch/soar-engineer-m-w-d-45610,Schwarz Digits
Salesforce Consultant Service Cloud (m/w/d),Berufserfahrene | Weinsberg,https://it.schwarz/jobsearch/salesforce-consultant-service-cloud-m-w-d-46167,Schwarz Digits
Schülerpraktikum (m/w/d),Schülerpraktikum | Neckarsulm,https://it.schwarz/jobsearch/schuelerpraktikum-m-w-d-6603,Schwarz Digits
Senior Professional Cyber Security Consulting (m/w/d),Berufserfahrene | Neckarsulm,https://it.schwarz/jobsearch/senior-professional-cyber-security-consulting-m-w-d-42972,Schwarz Digits
Senior Technical Lead Architect (m/w/d),Berufserfahrene | Minden,https://it.schwarz/jobsearch/senior-technical-lead-architect-m-w-d-44231,Schwarz Digits
Service Now Tech. Consultant - Event Management (m/w/d),Berufserfahrene | Neckarsulm,https://it.schwarz/jobsearch/service-now-tech-consultant-event-management-m-w-d-45750,Schwarz Digits
ServiceNow Developer (m/w/d),Berufserfahrene | Neckarsulm,https://it.schwarz/jobsearch/servicenow-developer-m-w-d-45712,Schwarz Digits
Servicetechniker für Serverhardware (m/w/d),Berufserfahrene | Ostermiething,https://it.schwarz/jobsearch/servicetechniker-fuer-serverhardware-m-w-d-45845,Schwarz Digits
Software Developer - Identity & Accessmanagement (m/w/d),Berufserfahrene | Weinsberg,https://it.schwarz/jobsearch/software-developer-identity-accessmanagement-m-w-d-44490,Schwarz Digits
Software Engineer - Fullstack (GO/Vue.js) - Cloud Native (m/w/d),Berufserfahrene | Weinsberg,https://it.schwarz/jobsearch/software-engineer-fullstack-go-vue-js-cloud-native-m-w-d-42932,Schwarz Digits
Software Engineer - Fullstack (GO/Vue.js) - Digital Foundation (m/w/d),Berufserfahrene | Weinsberg,https://it.schwarz/jobsearch/software-engineer-fullstack-go-vue-js-digital-foundation-m-w-d-46132,Schwarz Digits
Software Engineer - SAP Modern Frontend Development (m/w/d),Berufseinsteiger | Weinsberg,https://it.schwarz/jobsearch/software-engineer-sap-modern-frontend-development-m-w-d-45658,Schwarz Digits
Software Engineer - Web Applications - Cloud Native (m/w/d),Berufserfahrene | Weinsberg,https://it.schwarz/jobsearch/software-engineer-web-applications-cloud-native-m-w-d-45088,Schwarz Digits
Software Engineer - Web Full-Stack Applications (m/w/d),Berufserfahrene | Weinsberg,https://it.schwarz/jobsearch/software-engineer-web-full-stack-applications-m-w-d-45534,Schwarz Digits
Solution Architect HRSD ServiceNow (m/w/d),Berufserfahrene | Neckarsulm,https://it.schwarz/jobsearch/solution-architect-hrsd-servicenow-m-w-d-44515,Schwarz Digits
Solution Architect ServiceNow Platform (BCM/SARA) (m/w/d),Berufserfahrene | Neckarsulm,https://it.schwarz/jobsearch/solution-architect-servicenow-platform-bcm-sara-m-w-d-44866,Schwarz Digits
Spezialist für DC Fabric Infrastruktur und Cloud Plattform (m/w/d),Berufserfahrene | Weinsberg,https://it.schwarz/jobsearch/spezialist-fuer-dc-fabric-infrastruktur-und-cloud-plattform-m-w-d-45946,Schwarz Digits
Spezialist für Entwicklung und Betrieb der Internet- und Backbone-Infrastruktur (m/w/d),Berufserfahrene | Weinsberg,https://it.schwarz/jobsearch/spezialist-fuer-entwicklung-und-betrieb-der-internet-und-backbone-infrastruktur-m-w-d-45945,Schwarz Digits
SuccessFactors Platform Administrator (m/w/d),Berufserfahrene | Heilbronn,https://it.schwarz/jobsearch/successfactors-platform-administrator-m-w-d-44564,Schwarz Digits
Technical Consultant Business Intelligence (m/w/d),Berufseinsteiger | Heilbronn,https://it.schwarz/jobsearch/technical-consultant-business-intelligence-m-w-d-41422,Schwarz Digits
Technischer Projektmanager für IT-Infrastruktur (m/w/d),Berufserfahrene | Heilbronn,https://it.schwarz/jobsearch/technischer-projektmanager-fuer-it-infrastruktur-m-w-d-45061,Schwarz Digits
Trainee E-Commerce und CRM Lidl / Kaufland (m/w/d) Start 01.10.2025,Berufseinsteiger | Weinsberg,https://it.schwarz/jobsearch/trainee-e-commerce-und-crm-lidl-kaufland-m-w-d-start-01-10-2025-45757,Schwarz Digits
Trainee-Programm zum SAP Spezialisten / Consultant (m/w/d) Start 01.10.2025,Traineeprogramm | Neckarsulm,https://it.schwarz/jobsearch/trainee-programm-zum-sap-spezialisten-consultant-m-w-d-start-01-10-2025-44465,Schwarz Digits
Trainer / Ausbilder Fachinformatiker Anwendungsentwicklung (m/w/d),Berufserfahrene | Heilbronn,https://it.schwarz/jobsearch/trainer-ausbilder-fachinformatiker-anwendungsentwicklung-m-w-d-45219,Schwarz Digits
Werkstudent (m/w/d) - Produktmanagement Generative AI,Praktikum / Werkstudententätigkeit | Heilbronn,https://it.schwarz/jobsearch/werkstudent-m-w-d-produktmanagement-generative-ai-44082,Schwarz Digits
Werkstudent - OT-Security (m/w/d),Praktikum / Werkstudententätigkeit | Neckarsulm,https://it.schwarz/jobsearch/werkstudent-ot-security-m-w-d-46000,Schwarz Digits
Werkstudent Conversational AI - Messenger Platform,Praktikum / Werkstudententätigkeit | Weinsberg,https://it.schwarz/jobsearch/werkstudent-conversational-ai-messenger-platform-45981,Schwarz Digits
Werkstudent Global Service & Support Solutions (m/w/d),Praktikum / Werkstudententätigkeit | Neckarsulm,https://it.schwarz/jobsearch/werkstudent-global-service-support-solutions-m-w-d-46244,Schwarz Digits
Werkstudent für Logistiksysteme (m/w/d),Praktikum / Werkstudententätigkeit | Heilbronn,https://it.schwarz/jobsearch/werkstudent-fuer-logistiksysteme-m-w-d-44790,Schwarz Digits
